ProperNounCandidate,Count
SPC,5542
GainSeeker,4782
DMS,4408
HTML,1528
OEE,1453
DPU,933
GainSeeker Charts,782
Python,732
COM,521
PC Collect,520
OPC,496
XML,464
Windows,461
SQL,446
SPC Charts,424
SPC Data Entry,408
GS,395
DMS Charts,337
DMS Data Entry,205
GainSeeker Utility,202
GagePort,177
CuSum,154
GainSeeker Inspections,150
ODBC,143
Excel,129
Hertzler Systems,126
GainSeeker Suite,117
PowerPoint,117
GS Collect,112
Microsoft,107
GainSeeker Publish,104
GainSeeker System Administration,102
HSI,93
LaunchPad,92
SQL Utility,90
SPC Database Monitor,87
SPC Designer,87
SSL,86
GS Analyze,81
Microsoft Excel,77
ExportType,77
DateTime,76
SQL Server,75
GS Console,69
OEE Charts,68
OnChange,62
Microsoft Outlook,59
Power BI,58
Active Directory,57
WordPad,56
GainSeeker SPC,52
The GainSeeker Charts,51
MySvar,51
Python Script Editor,50
Teams,50
ForceNote,50
SPC Data,49
WebViz,40
DMS Data,39
Microsoft Teams,38
The GainSeeker,38
ShowIndividualNote,38
VSTDS,38
MyNvar,38
If GainSeeker,37
GainSeeker Mobile Web Service,36
The SPC,36
OEE Quality,35
FormulaMode,35
DMS Standard,34
DCOM,34
DMS Event,34
PDF,34
GS Console Manager,33
See XML,33
DPU Chart,33
OEE Chart,32
GainSe,32
GainSeeker Administration,32
OPC Server,32
Collect,31
Outlook,30
OpenType,30
See Python,29
SQL Statement Design,29
NotePad,28
NoteVisible,28
SPC Event,27
Microsoft Word,27
SPC Chart,26
GainSeeker DSN,26
DA,25
ValueMinimum,25
ValueMaximum,25
SPC Cause,24
Microsoft SQL Server,24
TimerFileNameExport,23
SPC Standard Utility,23
DMS Part Number,22
OEE Performance,22
Python Script Designer,22
SPC Planner,22
Hertzler Systems Program Group,22
LiveCode,21
ExportList,21
SPC Database,21
Microsoft PowerPoint,21
SPC Standards,21
SPC Action Taken,20
DPU Yield,20
SPC Information,20
See OPC Server Support,20
DataDetail,20
DarkBlue,20
Legacy GainSeeker,19
Python Script,19
DMS Process,19
TLS,18
The GainSeeker Inspections,18
Hertzler,18
DMS Chart,18
PythonScript,18
SampleSize,18
Solartron,18
FormResults,18
OEE Detail,17
Microsoft Office,17
OEE Availability,17
GainSeeker Python,17
SQL Statement,17
PocketForms,17
OPC DA,16
DMS Standards,16
AutoTick,16
UA,15
OEE Combined,15
ClickAction,15
TestSpecificTrace,15
GainSeeker System,15
CSV,15
The DMS,15
NIST,14
SnapToGrid,14
AutoSize,14
Power Tools,14
In GainSeeker,14
SPC Reports,14
ValueCheck,14
In MINITAB,14
OEE Sum,14
SPC Statistics,13
DPU Detail,13
GainSeeker Lists,13
DPU Cost,13
Microsoft Internet Explorer,13
In Windows,13
Power BI Account,13
OpenList,13
DMS Settings,13
ToolTip,13
LabelFrench,12
LabelSpanish,12
Console,12
DesignData,12
DoNotStore,12
VerticalSize,12
Python Design,12
ExtendColorUpper,12
OEE Time Chart,12
GainSeeker Administrator,12
SPC Monitor,12
PartNo,12
DMS Detail,12
OEE Combined Chart,12
The PC Collect,11
Big Data Analytics DMS,11
DMS Data Table,11
StoreAll,11
GainSeeker Systems Administration,11
EasyBox,11
ExtendColorLower,11
DMS Control,11
GagePorts,11
If MINITAB,11
RegionColors,11
In GainSeeker Legacy,11
ExtraTrace,10
The Python,10
EntryRestricted,10
SPC Data Table,10
Big Data SPC,10
OverdueAction,10
SPC Manager,10
Python Designs,10
GainSeeker User,10
PyLib,10
Minitab,10
VNOTE,10
Active,10
SPC Standard,10
Hertzler Sales,10
AppData,10
API,10
Timed AutoStart,10
DataStorage,10
GainSeeker Field,10
Microsoft Access,10
SQL INSERT,10
TriggerValue,10
Group SPC Data,10
SPC Settings,10
ValueIndicator,10
Browser HTML,10
HorizontalAlignment,10
Python Commands,9
JavaScript,9
SQL Assistant,9
PythonRunBefore,9
Big Data Analytics SPC,9
DPU Yield Chart,9
The SPC Standard Utility,9
SPC MANAGER,9
TeamsWebhook,9
SPC Chart Defaults,9
DPU Chart Builder,9
GainSeeker Defect Management System,9
WebOut,9
GainSeek,9
FormulaMobile,9
Pocket PC,9
GageWay,9
DesktopName,9
StarTeck,9
Scripted SPC,9
TemplateRunBefore,9
Scripted DMS,9
Last Active,9
ClickToggle,8
GainSeeker Platform Library,8
The SPC Data Entry,8
Python Scripts,8
CheckFailureResponse,8
PictureMode,8
Manage Python,8
BackColorRegions,8
CurrentVersion,8
Citrix MetaFrame,8
BtrTools,8
DMS Processes,8
TrPriMst,8
ByVal,8
GainSeeker Online User Guide,8
AutoAdvance,8
OPC Servers,8
SelectColumns,8
MarpossRaw,8
MinScale,8
MaxScale,8
MinRaw,8
MaxRaw,8
InnerText,8
OuterText,8
PocketFormDate,8
TriggerQuality,8
The MINITAB,8
ReadWrite,8
OEE Quality Chart,8
LblColor,8
IronPython,8
OEE Sum Available Time,8
OPC UA,7
GS Charts,7
NoteButton,7
SPC Chart Options,7
PythonRunAtRefresh,7
DPU Cost Chart,7
Some GainSeeker,7
An OnChange,7
Big Data DMS,7
GainSeeker Version,7
DPU Charts,7
The SQL,7
EntryRequired,7
PC Collect Inspection,7
The Microsoft,7
The SQL Utility,7
The DMS Data Entry,7
GainSeeker DMS,7
Directory,7
DMS Reports,7
Microsoft Notepad,7
SPC Process Specs,7
If NoteVisible,7
If ShowIndividualNote,7
FileRead,7
MINITAB History,7
Your GainSeeker Administrator,7
GainSeeker Default,7
DMS Report Retrieval Settings,7
MINITAB Charts,7
CellColor,7
TickMarks,7
TraceabilityAnalyzed,7
SPC Retrieval,7
FitProportional,7
In DMS,7
HertzlerNet,7
Upgrading GainSeeker,6
SolartronSettings,6
DMS Part Numbers,6
Python Script Library,6
ConnectString,6
OEE Goal,6
PictureStorage,6
DMS Drill,6
GS Collect App,6
GainSeeker LaunchPad,6
Execute SQL,6
DPU Improvement,6
DMS Priority List Editor,6
DMS Chart Defaults,6
OEE Time,6
OEE Acceptable,6
SPC Templates,6
VirtualStore,6
ProgramData,6
IronPython Script,6
ODBC Data Source,6
The XML,6
Hertzler Systems Sales Department,6
GS Collect Mobile App Release,6
DataCanvas,6
SameAsTest,6
AlwaysDisabled,6
GainSeeker Fields,6
OPC Server Support,6
DMS Data Auxiliary,6
DoEvents,6
MyList,6
SetTab,6
The Group SPC Data,6
The SPC Charts,6
DMS Pareto,6
OEE Availability Chart,6
TemplateRunAfter,6
DMS Retrieval,6
ToDateTime,6
DMS Reports Advanced Reports,6
MediumDash,6
GainSeeke,6
OEE Sum Scheduled Time,6
Active Licenses,5
OEE Data,5
OPC Classic,5
Power,5
All GainSeeker,5
EnterKeyBehavior,5
DMS Chart Options,5
Microsoft Remote Desktop Client,5
GainSeeker Mobile,5
Solartron Orbit,5
ClearValue,5
TraceabilityTest,5
Python Designer,5
GainSeeker WebViz,5
Microsoft SQL,5
Microsoft Windows,5
Install GainSeeker,5
GainSeeker Mobile Web,5
Your GainSeeker,5
HTML Slideshow,5
In PC Collect,5
CheckTeamsFailureResponse,5
ProcessCpk,5
Calculating DPU,5
Calculate OEE,5
SPC Control Chart,5
Because GainSeeker,5
In SPC,5
UseRed,5
AlwaysEnabled,5
PickAheadOfTime,5
Solartron Module ID,5
ButtonSettings,5
TraceField,5
Build SQL,5
Test SQL,5
Reset GagePort,5
CommErrorMsg,5
Where PartNo,5
Minitab Inc,5
DatMtbnn,5
DdfMtbnn,5
DdtMtbnn,5
MltMtbnn,5
MltStann,5
StaMtbnn,5
An SPC,5
SPC Control,5
Bypassed SPC,5
OEE Available Statistics,5
OEE Performance Chart,5
BackgroundImage,5
StackMode,5
TimerFilenameExport,5
DataTableType,5
The Big Data Analytics SPC,5
RegionsContinuous,5
ToDouble,5
HorizontalAlignmentRight,5
GS Collect Mobile,4
Python Scripting,4
GainSeeker Table Definitions,4
LargeFont,4
The OPC,4
SPC Pareto,4
TrendDecreasingColor,4
TrendIncreasingColor,4
GainSeeker Charts Language,4
ShowTrendColors,4
TabDirection,4
RunningLabel,4
TraceabilityPrep,4
ButtonMode,4
SingleSelect,4
MultiSelect,4
SPC Data Tables,4
CancelButtonBehavior,4
The Python Script Editor,4
SPC Part Number,4
PictureEmailAddress,4
SnapToGridSize,4
ContinuousValues,4
AutoLoadSubInspection,4
GS Collect Mobile App,4
BackColor,4
The GainSeeker Utility,4
See Select DPU,4
Freeform SQL,4
Install GainSeeker Mobile Web Service,4
Hertzler Systems Inc,4
In SQL Server Management Studio,4
OracleClient,4
If Windows,4
Power Users,4
MobileDashboard,4
UserName,4
PC Collect Language,4
See DMS Chart,4
Email ExportList,4
On Windows Vista,4
GainSeeker Logins,4
By GainSeeker,4
DMS Part,4
LocalAppData,4
If Microsoft Outlook,4
Sample SQL Statements,4
GainSeeker Lists Utility,4
See DMS,4
DefectName,4
If EntryRestricted,4
DeviceProfile,4
ComTestSerial,4
ElectronicSignature,4
FormulaLocation,4
The OEE,4
SQL Builder,4
ImageLabelLeft,4
Handling DMS,4
OPC Server Browser,4
Distributed COM Configuration Properties,4
MicroRidge Entry,4
DMS AUX,4
LinkTopic,4
MS Excel,4
DataStr,4
EdSource,4
MyServer,4
Tile SPC Charts,4
HourlyReport,4
DataLog,4
OutOfSpec,4
StdVar,4
Min MyNvar,4
Max MyNvar,4
PocketFormName,4
PocketFormComments,4
NominalInd,4
ReceiveValue,4
ExcelPath,4
PickTab,4
PocketFormsData,4
PocketForm,4
GainSeeker ODBC,4
NsDf,4
Enterprise OEE Dashboard,4
SPC Dynamic Report,4
DMS Dynamic Report,4
GainSeeker Charts Desktop,4
SPC Data Table Columns,4
DMS Data Table Columns,4
SPC Data Grid Rows,4
DMS Data Grid Rows,4
DMS Control Detail Columns,4
DMS DPU Detail Columns,4
DMS Pareto Detail Columns,4
SPC Data Grid Titles,4
DMS Data Grid Titles,4
SPC Dashboard Retrieval,4
DMS Dashboard Retrieval,4
GainSeeker Charts Dashboard,4
PC Published Inspection,4
Stored GainSeeker Base Inspection,4
PC Saved Internal Inspection,4
OEE Detail Column Report,4
ButtonFormula,4
The MINITAB File,4
SPC Chart Display Options,4
The SPC Chart Display Options,4
Deleting SPC,4
The GainSeeker Charts Overpack Wizard,4
GainSee,4
GainSeeker Systems,4
DPU CHARTS,4
OEE CHARTS,4
DPU Yield Charts,4
SPC Histogram,4
The Python Script Designer,4
The DateTime,4
AutoGrow,4
RefreshRate,4
AllowNavigation,4
The CellStyle Builder,4
BackPicture,4
The AutoTick,4
AutoMaximumTicks,4
Define BackColor Regions,4
CellStyle,4
DatePeriod,4
DashMon,4
DashGage,4
DashStat,4
MINITAB Chart Windows,4
HowTo,4
SumParts,4
SQL Query,4
SolartonSettings,4
Console Setup,4
GainSeeker SPC Short Run,4
GainSeeker Templates,4
OEE Sum Downtime,4
Hertzler Systems Data Collection Policy,3
Uninstalling GainSeeker,3
OEE Calculations,3
OEE Dashboards,3
FluidOunce,3
DrawTempDataPoint,3
Dashboard DataTable,3
CombineStandards,3
Exporting SPC,3
ShowSubmitButton,3
CombinedFailureResponse,3
Embedded Python Script,3
Stop GS Console Manager Groups,3
TextAlign,3
InspectionScript,3
NoValue,3
In GainSeeker Charts,3
DMS Statistics Table,3
NullReferenceException,3
SearchMode,3
Data SPC,3
TemplatePythonGuide,3
GainSeeker Item Settings,3
Minitab Options,3
DMS Events,3
VideoMode,3
BarcodeAllowed,3
PC Collect Inspections,3
SPC Standard Variable,3
DMS Defect Description,3
SPC Standard Description,3
GainSeeker Database,3
The SQL Assistant,3
GainSeeker Installation,3
GainSeeker Python Design Library,3
DateTime Display Options,3
See Choosing DPU,3
Maximum DPU,3
Minimum DPU,3
DMS Save,3
ActiveMovie,3
Microsoft Edge,3
ODBC Data,3
Install GS Analyze,3
Test GS Analyze,3
On Windows Server,3
ShortRunIndex,3
Power BI Dataset,3
See ExportList,3
Power Tools Menu,3
Most GainSeeker,3
See Choosing OEE,3
CombinedTeamsFailureResponse,3
Microsoft Instructions,3
DMS Event List,3
The SPC Data,3
OEE Retrieval Prerequisites,3
Python Email,3
Hertzler Systems Technical Support,3
StartUp,3
PartNoAux,3
DateTimeAux,3
GainSeeker Collect,3
See Creating DMS,3
The EntryRequired,3
DoNotClear,3
SPC Standard Lists,3
PickAtRuntime,3
The OnChange,3
ImageLabelCenter,3
ImageLabelRight,3
File Import Python,3
GagePort Entry,3
Microsoft Word Viewer,3
The ODBC,3
StDev,3
OPC Foundation,3
Each PocketForms,3
DCOM Configuration,3
DoubleQuote,3
EndOfFile,3
Getting JavaScript,3
GS Collect Login,3
JmpDetnn,3
GainSeeker Charts Options,3
See Selecting SPC,3
CuSum Chart,3
See DPU,3
GainSeeker OEE,3
The OEE Combined,3
HTML Transition,3
GainSeeker Charts Window,3
GainSeeker Charts Dashboards,3
LockedControls,3
TextPrefix,3
CellHeight,3
CellSpacing,3
CellWidth,3
WrapAround,3
ImageSource,3
The HTML,3
ScrollBarsEnabled,3
CellStyle Builder,3
RegionsColors,3
MaximumCount,3
MinimumCorrelation,3
GainSeeker Dashboards,3
SPC Dashboard Most Recent Retrieval,3
DMS Dashboard Most Recent Retrieval,3
Scripted SPC Retrieval,3
DMS NCU,3
DMS OEE,3
Microsoft FrontPage,3
NonNormal Data,3
SubStr,3
The DMS System Manager,3
OEE Available,3
FormatStr,3
Retrieval DMS,3
Python Command,3
Console Manager,3
McGraw,3
Lower CuSum,3
GainSeeker Module,2
Maintaining GainSeeker,2
Where GainSeeker,2
SPC Appendices,2
DMS Appendices,2
OEE Appendices,2
How GainSeeker,2
Contacting Hertzler Systems,2
GainSeeker Suite Version,2
LabelFontColor,2
CheckFailureTraceability,2
DMS Auxiliary,2
GainSeeker Server Edition,2
GainSeeker Data,2
In SQL Utility,2
TabSubmit,2
GS Console Manager Setup,2
WindowState,2
The OEE Time Chart,2
This OEE,2
Microsoft Azure SQL,2
Chart Options DMS,2
TraceabilitySubInspection,2
Python Script Comparison,2
DataCount,2
GainSeeker OPC,2
These Python,2
While GainSeeker,2
FailColor,2
PassColor,2
Python Display,2
SPC Events,2
Debugging Python,2
AutoStart,2
CancelButtonLabel,2
Formatting Excel,2
The Manage Python,2
Display Python,2
VisibleInList,2
DMS Master Defect,2
Python Design Selector,2
PreFormula,2
GainSeeker SP,2
Optional GainSeeker,2
GainSeeker Python Library,2
See OEE Charts,2
ButtonFailLabel,2
Have GainSeeker,2
GainSeeker Versions,2
ActionTaken,2
The GainSeeker Installation,2
The GainSeeker System Administration,2
Now GainSeeker,2
NEW GainSeeker Charts,2
Hertzler Sales Department,2
See SPC Charts,2
AutoRefresh,2
SAP NetWeaver,2
PartnerEdge,2
ByDesign,2
SAP Business ByDesign,2
BusinessObjects,2
DMS Notes,2
Microsoft Windows Server,2
ODBC SQL Server Driver,2
MS SQL Server,2
Microsoft Internet,2
Microsoft SQL Server Express,2
GainSeeker Import Export Manager,2
SQL Server Authentication,2
Microsoft Developer Network,2
TourData,2
AddTour,2
GainSeeker Add Tour,2
Test GainSeeker Mobile Web Service,2
See SPC Chart,2
See SPC,2
If ExportType,2
DesktopPrintOrientation,2
DMS Retrievals,2
The OpenList,2
Enterprise OEE,2
GainSeeker Role,2
Active Directory Association,2
The SPC Part Number,2
OEE Acceptable Availability,2
OEE Acceptable Performance,2
OEE Acceptable Quality,2
OEE Goal Performance,2
OEE Goal Quality,2
Teams Channel,2
See DMS Processes,2
Each SPC,2
AuditTrl,2
BtrToo,2
PC Co,2
DashRet,2
SessionList,2
The DMS Data,2
DMS Master,2
SchFile,2
ChtFonts,2
TblFonts,2
TraceMst,2
OEE Statistics,2
DMS Labels,2
Custom Statistics DMS,2
Custom Statistics SPC,2
Debug Python Scripts,2
SlateGray,2
MsgBox,2
IniMax,2
WinMerge,2
Multiple SQL,2
If GainSeeker Note Sync,2
OEE Detail Columns,2
Python Dashboard,2
SQL Utility Standard Mode Example,2
SQL Utility Freeform Mode Example,2
SQL Utility Execute SQL Mode,2
SubString,2
VarChar,2
WHERE PartNo,2
AND DateTime,2
SQL Reserved Words,2
GainSeeker Import,2
GainSeeker GS Collect,2
Python Debugger,2
Archiving Python Scripts,2
Contact Hertzler Sales,2
The StoreAll,2
The EntryRestricted,2
ThumbnailText,2
On PC,2
ShowCancelButton,2
StoreWithData,2
The ForceNote,2
FormulaAfterEntry,2
CustomPassword,2
TextToStore,2
RunAtServer,2
TimerSeconds,2
OEE Statistic,2
OverrideProcess,2
LeftImage,2
DisplayType,2
ForceCurrent,2
Any Python,2
The DMS Process,2
ScrollWidth,2
Variable SPC,2
SPC Create,2
DMS Create,2
ODBC Data Source Administrator,2
CompanyName,2
DMS Set,2
The GainSeeker Suite,2
SaveRow,2
TrPriMst Table,2
OPC DA Server,2
Enable Distributed COM,2
The GagePort,2
ArchiveFolder,2
CmdLineArgument,2
FileNumber,2
Hello SPC Manager,2
The HSI,2
INSERT SQL,2
The LinkTopic,2
ObeyStop,2
LinkExecute,2
LinkRequest,2
The MySvar,2
Len MySvar,2
Example Microsoft Access,2
DoEvents Rem Allow,2
DataStr Rem,2
Any HTML,2
The Windows Background,2
The Windows Text,2
Suppress OPC,2
AutoConv,2
MailTo,2
DMS Note,2
Launches DMS Data Entry,2
The DMS Part,2
Microsoft Excel Note,2
Sometimes GainSeeker,2
LOWERIND LowerInd Returns,2
LowerInd,2
RuntimeSetup,2
DriversSamples,2
StdVars,2
Format MyNvar,2
Fourth Edition NIST Handbook,2
Designer OPC Server,2
If TriggerValue,2
OPC Server Returns,2
HTML Help,2
CONCAT MySvar,2
ReportPathFilename,2
YesNo,2
Microsoft XML,2
RegisteredOwner,2
COM Library,2
SendTonn,2
SetAnchor,2
SetBypass,2
ExpiresAbsolute,2
If SPC Charts,2
UPPERIND UpperInd Returns,2
UpperInd,2
MyData,2
Simple API,2
YesNo Message,2
Main PC Collect,2
See DMS Events,2
GainSeeker Login,2
Displaying PDF,2
SPC Primary Index,2
Starting DMS Data Entry,2
The GainSeeker Administrator,2
AppName,2
See The GainSeeker Charts,2
See Creating SPC Charts,2
GainSeeker Desktop,2
DPU Values,2
GainSeeker Drill,2
GainSeeker Variation Wizard,2
Microsoft Power BI,2
GainSeeker Power BI,2
API Permissions,2
StorageAccount,2
Store SPC,2
See Grouping SPC Data,2
SPC Summary Chart,2
See Opening DMS,2
Opening DMS,2
DMS Data Tables,2
See Choosing DMS Control,2
LightCoral,2
NavajoWhite,2
OEE Calculation,2
OEE Time Chart Availability,2
Other OEE,2
Excel Edit,2
External SPC,2
The DateTime Display Options,2
TimerFileExportName,2
Both SPC,2
StatList,2
BorderStyle,2
MultipleWithMatchedColumns,2
CounterClockwise,2
QuarterCircle,2
FullCircle,2
ThreeQuarterCircle,2
See ValueMinimum,2
The ExtendColorLower,2
See ExtendColorUpper,2
See ValueMaximum,2
The ExtendColorUpper,2
See ExtendColorLower,2
LabelBottom,2
LabelTop,2
The TickMarks,2
AutomaximumTicks,2
The AutoMaximumTicks,2
AutoDetect,2
See Big Data Analytics DMS,2
The Big Data Analytics DMS,2
ColorMean,2
ColorMeanSpread,2
ColorSpread,2
MinimumCount,2
MaximumPercentage,2
MinimumPercentage,2
DefaultSortColumn,2
GainSeeker Python Script,2
TimerRedrawsAllContols,2
Storing OEE,2
Scripted DMS Retrieval,2
Scripted SPC Retrievals,2
Scripted DMS Retrievals,2
SQL SELECT,2
Active Reports,2
DMS Opportunities,2
DMS Real,2
SPC Real,2
SPC Subgroup Size,2
DMS Trace Cost,2
DMS Defects,2
DMS OEE Good,2
DMS OEE Total,2
SPC Range,2
DMS OEE Ideal,2
SPC Moving,2
DMS Sample Size,2
SPC Sigma,2
Hertzler Sales Team,2
Duplicating MINITAB,2
Deleting MINITAB,2
See Setting MINITAB,2
In GainSeeker SPC,2
In GainSeeker DMS,2
Hertzler Systems Group,2
Hertzler System Program Group,2
MultiProcess,2
SPC Report Retrieval Settings,2
DMS Report,2
OEE Scheduled,2
OEE Good,2
OEE Total,2
OEE Ideal,2
SPC Summary,2
MultipleCharts,2
See DPU CHARTS,2
GainSeeker Dynamic Reports,2
ToArray,2
Data DMS,2
HSI Date,2
Standard DMS,2
Standard SPC,2
Managing Python Scripts,2
Retrieval SPC,2
PartNumber,2
DashDotDot,2
DashDot,2
VerticalAlignment,2
VerticalAlignmentCenter,2
ParetoSort,2
Example DMS,2
Example SPC,2
ToDo,2
SqlClient Data Provider,2
RowCount,2
The GS Console Manager,2
The Last Active,2
Intermediate SPC Training,2
Upper CuSum,2
Some SPC Default Reports,2
DMS Default Reports,2
SPC Chart Skins,2
DMS Chart Skins,2
GainSeeker Template,2
OEE Group,2
If OEE Availability,2
In SPC Designer,2
SPC Import Export,2
In SPC Report Writer,2
In SPC Charts,2
Up GagePort,2
GainSeeker Mobile Web Services,2
MicroRidge Corp,2
RunOnce,2
The VerticalSize,1
If GS Console,1
Although WebViz,1
Latest GainSeeker Version,1
Python Bar Chart,1
ExitAppOnClose Inspection,1
SPC Auxiliary,1
Microsoft Teams Webhook,1
SPC Variation Wizard,1
SPC Library,1
Saving SPC,1
The GainSeeker Workstation Requirements,1
Hertzler Systems FTP,1
The GainSeeker Network Requirements,1
SQL Server Express,1
These ODBC,1
Existing GainSeeker,1
GainSeeker Analyze,1
SelectSidePanelChartOnFocus,1
The OPC Action Editor,1
OPC Action Editor,1
The GS Console,1
OEE Detail Table,1
PartialMergedCell,1
The FormulaMode,1
TimerExportSafeMode,1
OEE Time Charts,1
OEE Chart Settings Display,1
GainSeeker Item,1
InvalidOperationException,1
AccessViolationException,1
CurUser,1
OnChange Python,1
Legacy SQL Utility,1
InspectionScript Inspection,1
FillWeight,1
DateTime Dashboard Control,1
GainSeeker Emails,1
ShowNotApplicable,1
PC Collect Setup,1
Python Special Variables,1
GainSeeker License,1
Short Run SPC,1
DMS Bar Gage,1
TextEntry,1
TemplateToPythonCommands,1
The SPC Chart,1
Delete Python Script,1
BackColors,1
SPC Causes,1
SPC Actions Taken,1
OnChange Formula,1
SPC Priority Lists,1
DMS Priority Lists,1
EnableSampleSize,1
Display SPC,1
Data Analytics SPC,1
Python OPC,1
ArgumentException,1
SQL Query Python Action,1
Python Action,1
Display Form Python Action,1
The Hertzler Systems Data Collection,1
The DMS Dashboard,1
DMS Mean,1
ClearAfterCurrentSubInspection,1
Active Directory Integration,1
SPC Note,1
Mobile GainSeeker Analysis,1
Meet GS Analyze,1
OPC Action,1
The Windows,1
ForeColor,1
DefectList,1
OverrideProperty,1
The Start Python,1
The GainSeeker Installing,1
See Main PC Collect Module,1
See DMS Chart Options,1
See Python Commands,1
PC Collect Python Scripts,1
PC Collect Python,1
See Active Directory,1
The Python Designer,1
GainSeeker Python Statistics Library,1
See GainSeeker Python Library,1
HTML Table,1
SPC Multiple,1
DefectCost,1
Some OEE Combined,1
Python GainSeeker,1
GainSeeker Service Pack,1
Specify DMS,1
See GainSeeker SQL Utility,1
See GainSeeker Lists,1
GainSeeker Utility Module,1
Marposs EasyBox,1
Between GainSeeker,1
The BackgroundImage,1
SPC Priority List,1
GainSeeker Mobile Device Support,1
GainSeeker Mobile Collect,1
The GainSeeker Online User Guide,1
The NEW GainSeeker Charts,1
AutoRefresh Report,1
The AutoRefresh,1
CountBelowRangeGate,1
CountInsideRangeGate,1
CountOutsideRangeGate,1
BelowRangeGatePct,1
BelowUpperRangeGatePct,1
AboveLowerRangeGatePct,1
InsideRangeGatePct,1
OutsideRangeGatePct,1
See SPC Statistics,1
DMS Yield,1
MultiVariate Distrib,1
DMS Max,1
StatKey,1
Fourth Edition NIST,1
UserDefined Labels,1
The GainSeeker Administration,1
Several SPC,1
UseQry,1
CurrentVersio,1
DisplayInformation,1
Microsoft Support Knowledge Base,1
GainSeeker Active Directory,1
While Hertzler Systems,1
Microsoft Remote Desktop,1
GS Collect Mobile App Requirements,1
Your SQL Server,1
SQL Server Login,1
SQL Server Login ID,1
SQL Server Performance Tuning,1
Contact Hertzler Systems Tech Support,1
GainSeeker Database Connection,1
EXE ODBC,1
Install OPC,1
MetaFrame Tools,1
Converting GainSeeker,1
Pervasive ODBC,1
GainSeeker Users,1
Upgrading GS Analyze,1
Installed Windows,1
Microsoft Internet Information Systems,1
Directory Browsing,1
IIS Management Console,1
If Windows Server,1
DCOM Config,1
IniFuncs,1
Net AppPool,1
DefaultAppPool,1
Remove GainSeeker,1
GainSeeker Application,1
GainSeeker Application GS Console,1
GainSeeker Username,1
StartOption,1
GainSeeker ShortRunIndex,1
ShortRunInde,1
Draw SPC Charts,1
Draw DMS Charts,1
SPC Chart Types,1
DMS Chart Types,1
OEE Dashboard,1
GainSeeker Add,1
OpenTy,1
DesktopPrintLayout,1
Draw SPC,1
Draw DMS,1
GS Console Manager Groups,1
Prevent GainSeeker,1
SQL Note,1
GainSeeker Slideshow,1
If GainSeeker Publish,1
Download CSV,1
Active Directory Setup Assistant,1
GainSeeker Configuration,1
Variation Or DrillRun Variation,1
Setup DMS Data Entry,1
Execute NonEmbedded Python Script,1
MINITAB Chart,1
Setup MINITAB,1
Grouping DPU,1
DMS Chart Default,1
OEE Goal Availability,1
See CuSum,1
See Selecting SPC Chart,1
GainSeeker Legacy,1
Check DMS,1
Post GainSeeker,1
In Microsoft Teams,1
SPC Corrective Actions,1
Active Indexes,1
GainSeeker Standard Utility,1
The GainSeeker Standard Utility,1
SPC Tables,1
DMS Tables,1
DMS Statistics,1
Enables OEE,1
OEE Retrieval,1
The DMS Statistics,1
SPC Labels,1
The SPC Statistics Labels,1
Any Windows,1
ProductionSupport,1
Active Directory Users,1
Notify GainSeeker,1
Python Reference,1
Python Tutorial,1
Hertzler Library,1
GainSeeker Online User,1
Custom DMS,1
Custom SPC,1
Microsoft Exchange,1
Body HTML,1
Insufficient GainSeeker Licenses,1
One GainSeeker,1
NIST Special Publication,1
See Hertzler Systems Collection Policy,1
Python Design Library,1
GainSeeker Serial Number,1
In Windows File Explorer,1
ComputerName,1
RowSetSize,1
QueryTimeout,1
GainSeeker Macro Editor,1
Declare Function GetPrivateProfileString Lib,1
Private Declare Function GetWindowsDirectory Lib,1
GetWindowsDirectory,1
InStr,1
Current Windows Folder,1
Const IniMax,1
GetPrivateProfileString,1
Else MsgBox,1
Integrate GainSeeker,1
GainSeeker SQL Utility,1
The GainSeeker SQL Utility,1
Composing SQL Statements,1
SQL Statements,1
Delete SPC,1
The GainSeeker Note Sync,1
The GainSeeker Lists Utility,1
DMS Defect,1
Archiving Python,1
DPU Detail Columns,1
Python Dashboard Control,1
GainSeeker Charts Can,1
VerVrf,1
Timed AutoStart Target,1
The Freeform SQL,1
Microsoft SQL Server Solution,1
SELECT PartNo,1
WHERE PartNoAux,1
AND DateTimeAux,1
The Pervasive SQL,1
The FREEFORM SQL MODE,1
SQL Utility Execute SQL Example,1
DELETE SQL,1
Execute SQL Command,1
SQL Scripts,1
SQL Commands,1
In Execute SQL,1
Execute SQL Mode,1
GainSeeker File,1
Legacy GS Collect,1
GS Collect Mobile Inspections,1
Each Python Script,1
GainSeeker PC Collect Inspections,1
The GS Collect,1
Which GainSeeker,1
SPC Only,1
The UseRed,1
The PictureMode,1
One DMS Standard,1
The TimerSeconds,1
The CenterImage,1
The New SubInspection,1
See The GainSeeker Inspections,1
Archived Python,1
ExitAppOnClose,1
RevisionNotes,1
Chart Options SPC,1
ClearSidePanel,1
SubInspectionList,1
InspectionList,1
PlannedInspectionList,1
ApplicationExit,1
DMS Chart Info,1
SPC Chart Info,1
VideoMaxLength,1
DMS SPC Event,1
DMS Charts Manager,1
SPC Charts Manager,1
The SPC Chart Options,1
The DMS Chart Options,1
BarcodeAllowed False,1
AfterCurrentInspection,1
AfterCurrentSubInspection,1
SPC Action,1
The PC,1
DoNotSendAutomatically,1
SendAllCharts,1
SendLinkedCharts,1
DataReferenceRead,1
DataReferenceStorage,1
TestSpecificTrac,1
RequireEntry,1
ShowIndividual,1
SelectSidePanelChartOnFocus False,1
CheckAgainstIndividualGates,1
CheckAgainstSpecs,1
CheckAgainstSubgroupGates,1
CustomPropertyName,1
KeyboardInput,1
LocalDataRead,1
LocalDataStorage,1
See LocalDataStorage,1
PrepText,1
ButtonFailLabelFrench,1
ButtonFailLabelSpanish,1
ButtonPassLabel,1
ButtonPassLabelSpanish,1
ButtonPassLabelFrench,1
ElectronicSignatureType UserNameAndPassword,1
ElectronicSignatureType,1
DatePick,1
This GainSeeker,1
RequireDefect,1
RunningLabelFrench,1
RunningLabelSpanish,1
SqlAtServer,1
In GS Collect,1
ResultStorage,1
TimerCode,1
The LiveCode,1
SecondRowBeginsWith All On First Row,1
DMS DMS,1
No DMS,1
MediumSlateBlue,1
OEE Test Properties,1
ShowColors,1
SubInspectionTrace,1
OverridePartNumber,1
DeleteData False,1
The SQL Builder,1
ImageLabelCenterFrench,1
ImageLabelLeftFrench,1
ImageLabelCenterSpanish The,1
ImageLabelLeftSpanish,1
ImageLabelRightFrench,1
ImageLabelRightSpanish,1
CenterImage,1
RightImage,1
ThumbnailTextFrench,1
ThumbnailTextSpanish,1
HTML DisplayType,1
MessageLocation InLine,1
The Run PC,1
TransparentProductOnly,1
UserMessage,1
The Hertzler Systems,1
Any DMS Part Numbers,1
Any SPC Standards,1
WindowMetrics,1
GageTalker GagePort,1
Microsoft Download Center,1
MINITAB COM,1
MINITAB COM Options,1
Pervasive ODBC Engine Interface,1
SQL Query Analyzer,1
SQL Data Manager,1
The SQL Statement Design,1
RequiredDate,1
PassFail,1
OPC Browser Utility,1
OPC Server Help,1
OPC Foundation Web Site,1
The Power Tools,1
In Microsoft Windows,1
Several GainSeeker,1
Microsoft ActiveSync,1
GainSeeker List,1
The Excel,1
Record Buffer SQL,1
DMS Auxiliary Data,1
Linked DMS Part Number,1
Linked DMS Process,1
GainSeeker DMS Defects,1
ODBC Connection,1
COM Port,1
MicroRidge Systems,1
Since GageWay,1
The OPC Servers,1
The OPC Server,1
Axeda FactorySoft,1
FactorySoft Modbus OPC DA,1
HexGen,1
OPC Simulator Server,1
CimQuestInc,1
INGEAR AB OPC,1
OpcSource,1
Matrikon OPC Server,1
MetaDynamics,1
OPC Server Toolkit,1
Softing OPC Toolbox Demo,1
OPC Simulation Server,1
OCS Toolkit DA Sample,1
SoftwareToolbox,1
WinTech Software,1
The OPC Foundation,1
Contact Hertzler Systems,1
OPC Data Client,1
COM Security,1
Software Toolbox OPC Power,1
OPC ServerList Class,1
Sample OPC,1
Multiple GagePorts,1
LotNumber,1
ShortRun,1
Store OEE,1
Many SPC Data Entry,1
PC Inspection,1
Collect App,1
GainSeeker PC Collect,1
See SPC Processes,1
DMS Event Lists,1
On Windows,1
Where PC Collect,1
The NoteVisible,1
The ShowIndividualNote,1
Displaying Microsoft Word,1
SubInspection,1
GainSeeker Collect Web Service,1
GS Collection Version,1
Dynamic GagePort Read,1
MINITAB File,1
See Creating DMS Charts,1
See Selecting SPC Settings,1
See Selecting DMS Settings,1
LEGACY GainSeeker Charts,1
SPC Statistics List,1
The GainSeeker Overpack Wizard,1
SPC Charts Settings,1
DMS Charts Settings,1
An Excel,1
Microsoft Power,1
Power BI Accounts,1
Power BI Password,1
Because Power BI,1
SampleCost,1
NumberGood,1
UserState,1
Power BI Service,1
See SPC Process Specs,1
See Opening SPC Charts,1
Opening SPC Charts,1
SPC Individual Chart,1
GainSeeker Charts Overpack Wizard,1
The GainSeeker Variation Wizard,1
CuSum Control,1
Grouping SPC Data,1
DPU Chart Settings,1
The Select DPU,1
See OEE Retrieval Prerequisites,1
All GainSeeker OEE,1
Display OEE,1
See Good OEE,1
An OEE,1
OEE Combined Chart Legend,1
OEE Markers,1
DMS Control Chart,1
GainSeeker Note Manager,1
OEE Defect Data,1
SPC Combined,1
OrangeRed,1
GainSeeker System Administrators,1
SPC Normal Probability Chart,1
SPC CuSum Control Chart,1
StarTeck Chart Skin,1
SPC Scatter,1
SPC Performance,1
SPC Normal Probability Plot Chart,1
DMS DPU Cost,1
Clipboard SPC,1
Clipboard DMS Part Number,1
Clipboard DMS Process,1
Scripted DMS Part Number,1
Scripted DMS Process,1
GainSeeker Tour Foods,1
One DateTime,1
DateTime Display,1
BackroundImageLayout,1
TimerRedrawsAllControls,1
The LockedControls,1
SizeMode,1
Each Python,1
The OverdueAction,1
LastData,1
LastElapsed,1
The TextPrefix,1
The RefreshRate,1
ScrollRight,1
ScrollLeft Effects,1
ScrollUp Effects,1
Most DMS,1
Only SPC,1
SpcControlChart,1
DmsMultParetoDfctPctTotalDfct,1
DialGage,1
DialGage Style,1
HalfCircle,1
BarGage,1
The Define BackColor Regions,1
The ClickAction,1
See Big Data Analytics SPC,1
The DMS Drill,1
See Big Data SPC,1
ExcludePerfect,1
DataGroupLevel,1
ReqionsContinuous,1
The RegionsContinuous,1
ShowBlankValues,1
UseProcess,1
Whereas GainSeeker,1
See Python Script Designer Properties,1
DefectTrendPercentCalculation,1
GroupBy,1
BaselineFilter,1
AnalysisFilter,1
BaselinePeriod,1
AnalysisPeriod,1
CalculateDefectsAsPercentOf,1
DefaultSortDirection,1
The TimerFileNameExport,1
The TimerFilenameExport,1
Hertzler Systems Account Management,1
The AutoGrow,1
The AutoSize,1
Python Retrieval,1
Other SPC Retrieval,1
Hertzler Systems Sales Team,1
BigData Analytics,1
PowerPoint Opens,1
Advanced SPC Retrieval,1
Advanced DMS Retrieval,1
SPC Retrievals,1
Advanced SPC Retrievals,1
Advanced DMS Retrievals,1
External DMS,1
Advanced SPC,1
Advanced DMS,1
DMS Sum,1
ConsumeWhiteSpace,1
GainSeeker Publish Options,1
One SPC,1
InitVars,1
Distinct PartNo,1
DateTime Like,1
NumDec,1
MeasUnit,1
PartNo From,1
Where PartNo Like,1
And DateTime,1
NotePad Edit,1
All MINITAB,1
Some MINITAB,1
MINITAB Session,1
Introducing GainSeeker DMS,1
MultiPart Number,1
The DPU Chart Builder,1
DPU Improvement Charts,1
DPU Chart Type,1
Monitoring SPC,1
Contact Hertzler Sales Department,1
SPC Retrieval Settings,1
DMS Retrieval Settings,1
Reserved SQL Words,1
DMS OEE Available,1
DMS OEE Scheduled,1
DMS Sum Defects,1
DMS NCU Cost,1
TextBox,1
FontWeight,1
Your SQL,1
ArrayList,1
Embedding Python,1
Store DMS,1
Manipulate Excel,1
SciPy,1
NumPy,1
GainSeeker PyLib,1
Latest Python,1
Python Package,1
PdfFileReader,1
Comparing Python,1
Each GainSeeker,1
GainSeeker Python Commands,1
DPU Group By,1
OEE Group By,1
The Python Script,1
XML View,1
OPC UA Action,1
The OPC DA Action,1
The OPC UA Action,1
Calculates Excel,1
Read Excel,1
As RangeStyle,1
Uses Microsoft Excel,1
If Excel,1
This Python,1
TestSp,1
EntryRequired Checkbox,1
TestSpec,1
SolartronSettin,1
SecondRowBeginsWith,1
LabelFren,1
LabelSpan,1
GainSeeker Pytho,1
GainSeeker Ins,1
AutoAdva,1
GainSeeker Inspecti,1
Launches Microsoft Excel,1
Console Application,1
GS Cons,1
The OPC Action,1
If OPC,1
Sets DMS Pareto,1
Sets DMS OEE,1
Sets SPC,1
DMS DPU,1
NonCon,1
Power Outage,1
RtsXon,1
Microridge GageWay,1
The SolartonSettings,1
Solartron Module,1
The SQL Query,1
SqlClient,1
The Standard DMS,1
The Standard SPC,1
Shared DMS,1
PC Collect In,1
Your Python,1
PC Collect This,1
PC Collect The,1
Some Python,1
GS Console Manager Module,1
No GS Console,1
Stop GS Console Manager,1
Last Updated DateTime,1
The DMS Part Number,1
The GainSeeker SPC,1
McGraw Hill,1
OEE Goal Available,1
What OEE,1
OEE Limitations,1
Overall OEE,1
How OEE,1
See OEE Calculations,1
See OEE Chart,1
All OEE,1
Intermediate OEE,1
OEE Metrics,1
RoboHelp Project Manager,1
Additional GainSeeker,1
Other GainSeeker,1
SPC Standard Duplicator,1
If Outlook,1
Monitor SPC,1
Manual Save For SPC Data,1
The Windows TEMP Many,1
Hertzler Technical Support,1
Intersolv ODBC,1
Install Microsoft,1
GoSub,1
AutoRedraw,1
ODBC Btrieve Driver,1
GagePort Errors,1
GageTalker,1
GetLastError,1
Hertzler Systems Customer,1
MicroRidge,1
QuickLink,1
InfoRad Watch,1
InfoRad,1
Hertzler Systems Master Validation,1
HSI Common Documents,1
GainSeeker Suite Online User Guide,1
